{"v":"5.7.4","fr":24,"ip":0,"op":61,"w":278,"h":174,"nm":"ill_small_1","ddd":0,"assets":[],"layers":[{"ddd":0,"ind":1,"ty":4,"nm":"Layer 2 Outlines","sr":1,"ks":{"o":{"a":0,"k":100,"ix":11},"r":{"a":0,"k":0,"ix":10},"p":{"a":1,"k":[{"i":{"x":0.6,"y":1},"o":{"x":0.4,"y":0},"t":0,"s":[249.638,66.376,0],"to":[0,0,0],"ti":[0,0,0]},{"i":{"x":0.6,"y":1},"o":{"x":0.4,"y":0},"t":30,"s":[249.638,56.376,0],"to":[0,0,0],"ti":[0,0,0]},{"t":60,"s":[249.638,66.376,0]}],"ix":2,"l":2},"a":{"a":0,"k":[28.478,28.478,0],"ix":1,"l":2},"s":{"a":0,"k":[100,100,100],"ix":6,"l":2}},"ao":0,"shapes":[{"ty":"gr","it":[{"ind":0,"ty":"sh","ix":1,"ks":{"a":0,"k":{"i":[[0,0],[-0.166,-0.181],[0,0],[0.18,-0.166],[0,0],[8.38,9.123],[-9.123,8.38]],"o":[[0.181,-0.166],[0,0],[0.165,0.181],[0,0],[-9.123,8.38],[-8.38,-9.123],[0,0]],"v":[[-2.311,-28.062],[-1.684,-28.035],[28.063,4.347],[28.036,4.975],[11.844,19.848],[-19.848,18.503],[-18.503,-13.189]],"c":true},"ix":2},"nm":"Path 1","mn":"ADBE Vector Shape - Group","hd":false},{"ty":"fl","c":{"a":0,"k":[0.783999992819,0.819999964097,1,1],"ix":4},"o":{"a":0,"k":100,"ix":5},"r":1,"bm":0,"nm":"Fill 1","mn":"ADBE Vector Graphic - Fill","hd":false},{"ty":"tr","p":{"a":0,"k":[28.477,28.478],"ix":2},"a":{"a":0,"k":[0,0],"ix":1},"s":{"a":0,"k":[100,100],"ix":3},"r":{"a":0,"k":0,"ix":6},"o":{"a":0,"k":100,"ix":7},"sk":{"a":0,"k":0,"ix":4},"sa":{"a":0,"k":0,"ix":5},"nm":"Transform"}],"nm":"Group 1","np":2,"cix":2,"bm":0,"ix":1,"mn":"ADBE Vector Group","hd":false}],"ip":0,"op":970,"st":0,"bm":0},{"ddd":0,"ind":2,"ty":4,"nm":"Layer 3 Outlines","sr":1,"ks":{"o":{"a":0,"k":100,"ix":11},"r":{"a":0,"k":0,"ix":10},"p":{"a":1,"k":[{"i":{"x":0.6,"y":1},"o":{"x":0.4,"y":0},"t":0,"s":[202.985,35.884,0],"to":[0,0,0],"ti":[0,0,0]},{"i":{"x":0.6,"y":1},"o":{"x":0.4,"y":0},"t":30,"s":[202.985,25.884,0],"to":[0,0,0],"ti":[0,0,0]},{"t":60,"s":[202.985,35.884,0]}],"ix":2,"l":2},"a":{"a":0,"k":[14.67,14.669,0],"ix":1,"l":2},"s":{"a":0,"k":[100,100,100],"ix":6,"l":2}},"ao":0,"shapes":[{"ty":"gr","it":[{"ind":0,"ty":"sh","ix":1,"ks":{"a":0,"k":{"i":[[-7.368,-1.08],[0,0],[1.08,-7.367],[7.368,1.079],[-1.08,7.368]],"o":[[0,0],[7.367,1.08],[-1.079,7.368],[-7.367,-1.079],[1.079,-7.367]],"v":[[1.955,-13.34],[1.955,-13.34],[13.34,1.954],[-1.955,13.34],[-13.34,-1.954]],"c":true},"ix":2},"nm":"Path 1","mn":"ADBE Vector Shape - Group","hd":false},{"ty":"fl","c":{"a":0,"k":[0.54900004069,0.866999966491,0.579999976065,1],"ix":4},"o":{"a":0,"k":100,"ix":5},"r":1,"bm":0,"nm":"Fill 1","mn":"ADBE Vector Graphic - Fill","hd":false},{"ty":"tr","p":{"a":0,"k":[14.67,14.67],"ix":2},"a":{"a":0,"k":[0,0],"ix":1},"s":{"a":0,"k":[100,100],"ix":3},"r":{"a":0,"k":0,"ix":6},"o":{"a":0,"k":100,"ix":7},"sk":{"a":0,"k":0,"ix":4},"sa":{"a":0,"k":0,"ix":5},"nm":"Transform"}],"nm":"Group 1","np":2,"cix":2,"bm":0,"ix":1,"mn":"ADBE Vector Group","hd":false}],"ip":0,"op":970,"st":0,"bm":0},{"ddd":0,"ind":3,"ty":4,"nm":"Layer 4 Outlines","sr":1,"ks":{"o":{"a":0,"k":100,"ix":11},"r":{"a":0,"k":0,"ix":10},"p":{"a":1,"k":[{"i":{"x":0.6,"y":1},"o":{"x":0.4,"y":0},"t":0,"s":[29.5,139.004,0],"to":[0,0,0],"ti":[0,0,0]},{"i":{"x":0.6,"y":1},"o":{"x":0.4,"y":0},"t":30,"s":[29.5,129.004,0],"to":[0,0,0],"ti":[0,0,0]},{"t":60,"s":[29.5,139.004,0]}],"ix":2,"l":2},"a":{"a":0,"k":[29.75,28.75,0],"ix":1,"l":2},"s":{"a":0,"k":[100,100,100],"ix":6,"l":2}},"ao":0,"shapes":[{"ty":"gr","it":[{"ind":0,"ty":"sh","ix":1,"ks":{"a":0,"k":{"i":[[-15.74,0],[0,0],[0,-15.74],[15.74,0],[0,0],[0,15.74]],"o":[[0,0],[15.74,0],[0,15.74],[0,0],[-15.74,0],[0,-15.74]],"v":[[-1,-28.5],[1,-28.5],[29.5,0],[1,28.5],[-1,28.5],[-29.5,0]],"c":true},"ix":2},"nm":"Path 1","mn":"ADBE Vector Shape - Group","hd":false},{"ty":"fl","c":{"a":0,"k":[0.972999961703,0.819999964097,0.383999992819,1],"ix":4},"o":{"a":0,"k":100,"ix":5},"r":1,"bm":0,"nm":"Fill 1","mn":"ADBE Vector Graphic - Fill","hd":false},{"ty":"tr","p":{"a":0,"k":[29.75,28.75],"ix":2},"a":{"a":0,"k":[0,0],"ix":1},"s":{"a":0,"k":[100,100],"ix":3},"r":{"a":0,"k":0,"ix":6},"o":{"a":0,"k":100,"ix":7},"sk":{"a":0,"k":0,"ix":4},"sa":{"a":0,"k":0,"ix":5},"nm":"Transform"}],"nm":"Group 1","np":2,"cix":2,"bm":0,"ix":1,"mn":"ADBE Vector Group","hd":false}],"ip":0,"op":970,"st":0,"bm":0},{"ddd":0,"ind":4,"ty":4,"nm":"Layer 5 Outlines","sr":1,"ks":{"o":{"a":0,"k":100,"ix":11},"r":{"a":1,"k":[{"i":{"x":[0.833],"y":[0.833]},"o":{"x":[0.167],"y":[0.167]},"t":0,"s":[0]},{"t":61,"s":[180]}],"ix":10},"p":{"a":1,"k":[{"i":{"x":0.6,"y":1},"o":{"x":0.4,"y":0},"t":0,"s":[230.471,137.814,0],"to":[0,0,0],"ti":[0,0,0]},{"i":{"x":0.6,"y":1},"o":{"x":0.4,"y":0},"t":30,"s":[230.471,127.814,0],"to":[0,0,0],"ti":[0,0,0]},{"t":60,"s":[230.471,137.814,0]}],"ix":2,"l":2},"a":{"a":0,"k":[31.558,31.558,0],"ix":1,"l":2},"s":{"a":0,"k":[100,100,100],"ix":6,"l":2}},"ao":0,"shapes":[{"ty":"gr","it":[{"ind":0,"ty":"sh","ix":1,"ks":{"a":0,"k":{"i":[[-1.588,0.476],[0,0],[-0.476,-1.587],[0,0],[1.588,-0.476],[0,0],[0.476,1.587],[0,0]],"o":[[0,0],[1.587,-0.474],[0,0],[0.476,1.587],[0,0],[-1.586,0.476],[0,0],[-0.475,-1.587]],"v":[[-28.819,-17.947],[14.211,-30.833],[17.946,-28.82],[30.832,14.21],[28.819,17.945],[-14.212,30.831],[-17.946,28.82],[-30.833,-14.213]],"c":true},"ix":2},"nm":"Path 1","mn":"ADBE Vector Shape - Group","hd":false},{"ty":"fl","c":{"a":0,"k":[1,0.522000002394,0.522000002394,1],"ix":4},"o":{"a":0,"k":100,"ix":5},"r":1,"bm":0,"nm":"Fill 1","mn":"ADBE Vector Graphic - Fill","hd":false},{"ty":"tr","p":{"a":0,"k":[31.558,31.558],"ix":2},"a":{"a":0,"k":[0,0],"ix":1},"s":{"a":0,"k":[100,100],"ix":3},"r":{"a":0,"k":0,"ix":6},"o":{"a":0,"k":100,"ix":7},"sk":{"a":0,"k":0,"ix":4},"sa":{"a":0,"k":0,"ix":5},"nm":"Transform"}],"nm":"Group 1","np":2,"cix":2,"bm":0,"ix":1,"mn":"ADBE Vector Group","hd":false}],"ip":0,"op":970,"st":0,"bm":0},{"ddd":0,"ind":5,"ty":4,"nm":"Layer 7 Outlines 2","td":1,"sr":1,"ks":{"o":{"a":0,"k":100,"ix":11},"r":{"a":0,"k":0,"ix":10},"p":{"a":0,"k":[121.563,86.44,0],"ix":2,"l":2},"a":{"a":0,"k":[52.286,35.751,0],"ix":1,"l":2},"s":{"a":0,"k":[100,100,100],"ix":6,"l":2}},"ao":0,"shapes":[{"ty":"gr","it":[{"ind":0,"ty":"sh","ix":1,"ks":{"a":1,"k":[{"i":{"x":0.42,"y":1},"o":{"x":0.58,"y":0},"t":35,"s":[{"i":[[28.215,1.388],[6.167,-11.949],[-26.828,1.388],[-5.589,10.793]],"o":[[-28.215,-1.388],[6.745,11.949],[26.828,-1.388],[-5.011,-10.793]],"v":[[1.735,-34.113],[-52.036,0],[1.735,34.113],[52.036,0]],"c":true}]},{"i":{"x":0.42,"y":1},"o":{"x":0.58,"y":0},"t":46.5,"s":[{"i":[[28.215,1.388],[9.473,7.894],[-20.631,0.447],[-14.6,12.894]],"o":[[-28.215,-1.388],[13.473,12.56],[26.858,-0.582],[-8.6,7.56]],"v":[[0.068,20.887],[-52.036,0],[0.735,20.78],[52.036,0]],"c":true}]},{"t":58,"s":[{"i":[[28.215,1.388],[6.167,-11.949],[-26.828,1.388],[-5.589,10.793]],"o":[[-28.215,-1.388],[6.745,11.949],[26.828,-1.388],[-5.011,-10.793]],"v":[[1.735,-34.113],[-52.036,0],[1.735,34.113],[52.036,0]],"c":true}]}],"ix":2},"nm":"Path 1","mn":"ADBE Vector Shape - Group","hd":false},{"ty":"fl","c":{"a":0,"k":[1,1,1,1],"ix":4},"o":{"a":0,"k":100,"ix":5},"r":1,"bm":0,"nm":"Fill 1","mn":"ADBE Vector Graphic - Fill","hd":false},{"ty":"tr","p":{"a":0,"k":[52.286,35.751],"ix":2},"a":{"a":0,"k":[0,0],"ix":1},"s":{"a":0,"k":[100,100],"ix":3},"r":{"a":0,"k":0,"ix":6},"o":{"a":0,"k":100,"ix":7},"sk":{"a":0,"k":0,"ix":4},"sa":{"a":0,"k":0,"ix":5},"nm":"Transform"}],"nm":"Group 1","np":2,"cix":2,"bm":0,"ix":1,"mn":"ADBE Vector Group","hd":false}],"ip":0,"op":970,"st":0,"bm":0},{"ddd":0,"ind":6,"ty":4,"nm":"Layer 6 Outlines","tt":1,"sr":1,"ks":{"o":{"a":0,"k":100,"ix":11},"r":{"a":0,"k":0,"ix":10},"p":{"a":1,"k":[{"i":{"x":0.529,"y":1},"o":{"x":1,"y":0},"t":0,"s":[121.563,86.44,0],"to":[0,0,0],"ti":[0,0,0]},{"i":{"x":0.529,"y":0.529},"o":{"x":0.819,"y":0.819},"t":10,"s":[143.23,86.44,0],"to":[0,0,0],"ti":[0,0,0]},{"i":{"x":0.182,"y":1},"o":{"x":0.67,"y":0},"t":14,"s":[143.23,86.44,0],"to":[0,0,0],"ti":[0,0,0]},{"i":{"x":0.371,"y":1},"o":{"x":1,"y":0},"t":25,"s":[99.896,86.44,0],"to":[0,0,0],"ti":[0,0,0]},{"t":40,"s":[121.563,86.44,0]}],"ix":2,"l":2},"a":{"a":0,"k":[24.534,24.534,0],"ix":1,"l":2},"s":{"a":0,"k":[100,100,100],"ix":6,"l":2}},"ao":0,"shapes":[{"ty":"gr","it":[{"ind":0,"ty":"sh","ix":1,"ks":{"a":0,"k":{"i":[[-13.412,0],[0,-13.412],[13.412,0],[0,13.412]],"o":[[13.412,0],[0,13.412],[-13.412,0],[0,-13.412]],"v":[[0,-24.284],[24.284,0],[0,24.284],[-24.284,0]],"c":true},"ix":2},"nm":"Path 1","mn":"ADBE Vector Shape - Group","hd":false},{"ty":"fl","c":{"a":0,"k":[0.54900004069,0.866999966491,0.579999976065,1],"ix":4},"o":{"a":0,"k":100,"ix":5},"r":1,"bm":0,"nm":"Fill 1","mn":"ADBE Vector Graphic - Fill","hd":false},{"ty":"tr","p":{"a":0,"k":[24.534,24.534],"ix":2},"a":{"a":0,"k":[0,0],"ix":1},"s":{"a":0,"k":[100,100],"ix":3},"r":{"a":0,"k":0,"ix":6},"o":{"a":0,"k":100,"ix":7},"sk":{"a":0,"k":0,"ix":4},"sa":{"a":0,"k":0,"ix":5},"nm":"Transform"}],"nm":"Group 1","np":2,"cix":2,"bm":0,"ix":1,"mn":"ADBE Vector Group","hd":false}],"ip":0,"op":970,"st":0,"bm":0},{"ddd":0,"ind":7,"ty":4,"nm":"Layer 7 Outlines","sr":1,"ks":{"o":{"a":0,"k":100,"ix":11},"r":{"a":0,"k":0,"ix":10},"p":{"a":0,"k":[121.563,86.44,0],"ix":2,"l":2},"a":{"a":0,"k":[52.286,35.751,0],"ix":1,"l":2},"s":{"a":0,"k":[100,100,100],"ix":6,"l":2}},"ao":0,"shapes":[{"ty":"gr","it":[{"ind":0,"ty":"sh","ix":1,"ks":{"a":1,"k":[{"i":{"x":0.42,"y":1},"o":{"x":0.58,"y":0},"t":35,"s":[{"i":[[28.215,1.388],[6.167,-11.949],[-26.828,1.388],[-5.589,10.793]],"o":[[-28.215,-1.388],[6.745,11.949],[26.828,-1.388],[-5.011,-10.793]],"v":[[1.735,-34.113],[-52.036,0],[1.735,34.113],[52.036,0]],"c":true}]},{"i":{"x":0.42,"y":1},"o":{"x":0.58,"y":0},"t":46.5,"s":[{"i":[[28.215,1.388],[9.473,7.894],[-20.631,0.447],[-14.6,12.894]],"o":[[-28.215,-1.388],[13.473,12.56],[26.858,-0.582],[-8.6,7.56]],"v":[[0.068,20.887],[-52.036,0],[0.735,20.78],[52.036,0]],"c":true}]},{"t":58,"s":[{"i":[[28.215,1.388],[6.167,-11.949],[-26.828,1.388],[-5.589,10.793]],"o":[[-28.215,-1.388],[6.745,11.949],[26.828,-1.388],[-5.011,-10.793]],"v":[[1.735,-34.113],[-52.036,0],[1.735,34.113],[52.036,0]],"c":true}]}],"ix":2},"nm":"Path 1","mn":"ADBE Vector Shape - Group","hd":false},{"ty":"fl","c":{"a":0,"k":[1,1,1,1],"ix":4},"o":{"a":0,"k":100,"ix":5},"r":1,"bm":0,"nm":"Fill 1","mn":"ADBE Vector Graphic - Fill","hd":false},{"ty":"tr","p":{"a":0,"k":[52.286,35.751],"ix":2},"a":{"a":0,"k":[0,0],"ix":1},"s":{"a":0,"k":[100,100],"ix":3},"r":{"a":0,"k":0,"ix":6},"o":{"a":0,"k":100,"ix":7},"sk":{"a":0,"k":0,"ix":4},"sa":{"a":0,"k":0,"ix":5},"nm":"Transform"}],"nm":"Group 1","np":2,"cix":2,"bm":0,"ix":1,"mn":"ADBE Vector Group","hd":false}],"ip":0,"op":970,"st":0,"bm":0},{"ddd":0,"ind":8,"ty":4,"nm":"Layer 8 Outlines","sr":1,"ks":{"o":{"a":0,"k":100,"ix":11},"r":{"a":0,"k":0,"ix":10},"p":{"a":0,"k":[122.224,86.587,0],"ix":2,"l":2},"a":{"a":0,"k":[85.887,85.887,0],"ix":1,"l":2},"s":{"a":0,"k":[100,100,100],"ix":6,"l":2}},"ao":0,"shapes":[{"ty":"gr","it":[{"ind":0,"ty":"sh","ix":1,"ks":{"a":0,"k":{"i":[[-1.171,-1.171],[0,0],[1.172,-1.172],[0,0],[1.171,1.172],[0,0],[-1.172,1.171],[0,0]],"o":[[0,0],[1.172,1.172],[0,0],[-1.172,1.172],[0,0],[-1.172,-1.172],[0,0],[1.171,-1.171]],"v":[[1.46,-84.466],[84.465,-1.461],[84.465,2.782],[2.783,84.465],[-1.46,84.465],[-84.465,1.46],[-84.465,-2.783],[-2.782,-84.466]],"c":true},"ix":2},"nm":"Path 1","mn":"ADBE Vector Shape - Group","hd":false},{"ty":"fl","c":{"a":0,"k":[0.972999961703,0.819999964097,0.383999992819,1],"ix":4},"o":{"a":0,"k":100,"ix":5},"r":1,"bm":0,"nm":"Fill 1","mn":"ADBE Vector Graphic - Fill","hd":false},{"ty":"tr","p":{"a":0,"k":[85.887,85.887],"ix":2},"a":{"a":0,"k":[0,0],"ix":1},"s":{"a":0,"k":[100,100],"ix":3},"r":{"a":0,"k":0,"ix":6},"o":{"a":0,"k":100,"ix":7},"sk":{"a":0,"k":0,"ix":4},"sa":{"a":0,"k":0,"ix":5},"nm":"Transform"}],"nm":"Group 1","np":2,"cix":2,"bm":0,"ix":1,"mn":"ADBE Vector Group","hd":false}],"ip":0,"op":970,"st":0,"bm":0}],"markers":[]}