{"v":"5.7.4","fr":24,"ip":0,"op":71,"w":370,"h":169,"nm":"ill_small_2","ddd":0,"assets":[],"layers":[{"ddd":0,"ind":1,"ty":4,"nm":"Layer 3 Outlines","parent":5,"sr":1,"ks":{"o":{"a":0,"k":100,"ix":11},"r":{"a":0,"k":0,"ix":10},"p":{"a":0,"k":[86.353,87.664,0],"ix":2,"l":2},"a":{"a":0,"k":[60.679,44.946,0],"ix":1,"l":2},"s":{"a":0,"k":[100,100,100],"ix":6,"l":2}},"ao":0,"shapes":[{"ty":"gr","it":[{"ind":0,"ty":"sh","ix":1,"ks":{"a":0,"k":{"i":[[0,0],[1.21,1.132],[0,0],[1.21,-1.131],[0,0],[0,0],[1.18,-1.163],[0,0],[-1.241,-1.1],[0,0],[0,0],[-1.21,1.133]],"o":[[1.21,-1.131],[0,0],[-1.21,-1.131],[0,0],[0,0],[-1.24,-1.099],[0,0],[-1.18,1.163],[0,0],[0,0],[1.21,1.133],[0,0]],"v":[[59.219,-26.673],[59.219,-30.771],[45.535,-43.565],[41.153,-43.565],[-18.429,12.148],[-41.563,-8.361],[-45.944,-8.244],[-59.249,4.879],[-59.14,8.976],[-23.12,40.908],[-20.279,43.563],[-15.897,43.563]],"c":true},"ix":2},"nm":"Path 1","mn":"ADBE Vector Shape - Group","hd":false},{"ty":"fl","c":{"a":0,"k":[1,1,1,1],"ix":4},"o":{"a":0,"k":100,"ix":5},"r":1,"bm":0,"nm":"Fill 1","mn":"ADBE Vector Graphic - Fill","hd":false},{"ty":"tr","p":{"a":0,"k":[60.679,44.946],"ix":2},"a":{"a":0,"k":[0,0],"ix":1},"s":{"a":0,"k":[100,100],"ix":3},"r":{"a":0,"k":0,"ix":6},"o":{"a":0,"k":100,"ix":7},"sk":{"a":0,"k":0,"ix":4},"sa":{"a":0,"k":0,"ix":5},"nm":"Transform"}],"nm":"Group 1","np":2,"cix":2,"bm":0,"ix":1,"mn":"ADBE Vector Group","hd":false}],"ip":0,"op":970,"st":0,"bm":0},{"ddd":0,"ind":2,"ty":4,"nm":"Layer 2 Outlines","sr":1,"ks":{"o":{"a":0,"k":100,"ix":11},"r":{"a":0,"k":0,"ix":10},"p":{"a":1,"k":[{"i":{"x":0.201,"y":1},"o":{"x":0.858,"y":0},"t":0,"s":[259.5,86.5,0],"to":[0,0,0],"ti":[0,0,0]},{"i":{"x":0.035,"y":1},"o":{"x":0.412,"y":0},"t":35,"s":[244.5,86.5,0],"to":[0,0,0],"ti":[0,0,0]},{"t":70,"s":[259.5,86.5,0],"h":1}],"ix":2,"l":2},"a":{"a":0,"k":[11.75,11.75,0],"ix":1,"l":2},"s":{"a":1,"k":[{"i":{"x":[0.201,0.201,0.59],"y":[1,1,1]},"o":{"x":[0.858,0.858,0.41],"y":[0,0,0]},"t":0,"s":[100,100,100]},{"i":{"x":[0.035,0.035,0.578],"y":[1,1,1]},"o":{"x":[0.412,0.412,0.374],"y":[0,0,0]},"t":35,"s":[471,471,100]},{"t":70,"s":[100,100,100],"h":1}],"ix":6,"l":2}},"ao":0,"shapes":[{"ty":"gr","it":[{"ind":0,"ty":"sh","ix":1,"ks":{"a":0,"k":{"i":[[-6.352,0],[0,-6.351],[6.352,0],[0,6.352]],"o":[[6.352,0],[0,6.352],[-6.352,0],[0,-6.351]],"v":[[0,-11.5],[11.5,0],[0,11.5],[-11.5,0]],"c":true},"ix":2},"nm":"Path 1","mn":"ADBE Vector Shape - Group","hd":false},{"ty":"fl","c":{"a":0,"k":[0.54900004069,0.866999966491,0.579999976065,1],"ix":4},"o":{"a":0,"k":100,"ix":5},"r":1,"bm":0,"nm":"Fill 1","mn":"ADBE Vector Graphic - Fill","hd":false},{"ty":"tr","p":{"a":0,"k":[11.75,11.75],"ix":2},"a":{"a":0,"k":[0,0],"ix":1},"s":{"a":0,"k":[100,100],"ix":3},"r":{"a":0,"k":0,"ix":6},"o":{"a":0,"k":100,"ix":7},"sk":{"a":0,"k":0,"ix":4},"sa":{"a":0,"k":0,"ix":5},"nm":"Transform"}],"nm":"Group 1","np":2,"cix":2,"bm":0,"ix":1,"mn":"ADBE Vector Group","hd":false}],"ip":0,"op":970,"st":0,"bm":0},{"ddd":0,"ind":3,"ty":4,"nm":"Layer 4 Outlines","sr":1,"ks":{"o":{"a":0,"k":100,"ix":11},"r":{"a":0,"k":0,"ix":10},"p":{"a":1,"k":[{"i":{"x":0.201,"y":1},"o":{"x":0.858,"y":0},"t":0,"s":[323.037,85.853,0],"to":[0,0,0],"ti":[0,0,0]},{"i":{"x":0.035,"y":1},"o":{"x":0.412,"y":0},"t":35,"s":[316.037,85.853,0],"to":[0,0,0],"ti":[0,0,0]},{"t":70,"s":[323.037,85.853,0],"h":1}],"ix":2,"l":2},"a":{"a":0,"k":[45.41,45.41,0],"ix":1,"l":2},"s":{"a":1,"k":[{"i":{"x":[0.201,0.201,0.59],"y":[1,1,1]},"o":{"x":[0.858,0.858,0.41],"y":[0,0,0]},"t":0,"s":[100,100,100]},{"i":{"x":[0.035,0.035,0.578],"y":[1,1,1]},"o":{"x":[0.412,0.412,0.374],"y":[0,0,0]},"t":35,"s":[21,21,100]},{"t":70,"s":[100,100,100],"h":1}],"ix":6,"l":2}},"ao":0,"shapes":[{"ty":"gr","it":[{"ind":0,"ty":"sh","ix":1,"ks":{"a":0,"k":{"i":[[-1.172,-1.171],[0,0],[1.171,-1.172],[0,0],[1.171,1.172],[0,0],[-1.172,1.172],[0,0]],"o":[[0,0],[1.171,1.172],[0,0],[-1.172,1.172],[0,0],[-1.172,-1.172],[0,0],[1.171,-1.171]],"v":[[2.122,-43.99],[43.989,-2.122],[43.989,2.121],[2.122,43.988],[-2.12,43.988],[-43.989,2.121],[-43.989,-2.122],[-2.12,-43.99]],"c":true},"ix":2},"nm":"Path 1","mn":"ADBE Vector Shape - Group","hd":false},{"ty":"fl","c":{"a":0,"k":[0.783999992819,0.819999964097,1,1],"ix":4},"o":{"a":0,"k":100,"ix":5},"r":1,"bm":0,"nm":"Fill 1","mn":"ADBE Vector Graphic - Fill","hd":false},{"ty":"tr","p":{"a":0,"k":[45.41,45.411],"ix":2},"a":{"a":0,"k":[0,0],"ix":1},"s":{"a":0,"k":[100,100],"ix":3},"r":{"a":0,"k":0,"ix":6},"o":{"a":0,"k":100,"ix":7},"sk":{"a":0,"k":0,"ix":4},"sa":{"a":0,"k":0,"ix":5},"nm":"Transform"}],"nm":"Group 1","np":2,"cix":2,"bm":0,"ix":1,"mn":"ADBE Vector Group","hd":false}],"ip":0,"op":970,"st":0,"bm":0},{"ddd":0,"ind":4,"ty":4,"nm":"Layer 5 Outlines","sr":1,"ks":{"o":{"a":0,"k":100,"ix":11},"r":{"a":0,"k":0,"ix":10},"p":{"a":1,"k":[{"i":{"x":0.201,"y":1},"o":{"x":0.858,"y":0},"t":0,"s":[7.5,86.5,0],"to":[0,0,0],"ti":[0,0,0]},{"i":{"x":0.035,"y":1},"o":{"x":0.412,"y":0},"t":35,"s":[30.5,86.5,0],"to":[0,0,0],"ti":[0,0,0]},{"t":70,"s":[7.5,86.5,0],"h":1}],"ix":2,"l":2},"a":{"a":0,"k":[7.75,7.75,0],"ix":1,"l":2},"s":{"a":1,"k":[{"i":{"x":[0.201,0.201,0.59],"y":[1,1,1]},"o":{"x":[0.858,0.858,0.41],"y":[0,0,0]},"t":0,"s":[100,100,100]},{"i":{"x":[0.035,0.035,0.578],"y":[1,1,1]},"o":{"x":[0.412,0.412,0.374],"y":[0,0,0]},"t":35,"s":[267,267,100]},{"t":70,"s":[100,100,100],"h":1}],"ix":6,"l":2}},"ao":0,"shapes":[{"ty":"gr","it":[{"ind":0,"ty":"sh","ix":1,"ks":{"a":0,"k":{"i":[[-4.142,0],[0,-4.142],[4.142,0],[0,4.143]],"o":[[4.142,0],[0,4.143],[-4.142,0],[0,-4.142]],"v":[[0,-7.5],[7.5,0],[0,7.5],[-7.5,0]],"c":true},"ix":2},"nm":"Path 1","mn":"ADBE Vector Shape - Group","hd":false},{"ty":"fl","c":{"a":0,"k":[0.783999992819,0.819999964097,1,1],"ix":4},"o":{"a":0,"k":100,"ix":5},"r":1,"bm":0,"nm":"Fill 1","mn":"ADBE Vector Graphic - Fill","hd":false},{"ty":"tr","p":{"a":0,"k":[7.75,7.75],"ix":2},"a":{"a":0,"k":[0,0],"ix":1},"s":{"a":0,"k":[100,100],"ix":3},"r":{"a":0,"k":0,"ix":6},"o":{"a":0,"k":100,"ix":7},"sk":{"a":0,"k":0,"ix":4},"sa":{"a":0,"k":0,"ix":5},"nm":"Transform"}],"nm":"Group 1","np":2,"cix":2,"bm":0,"ix":1,"mn":"ADBE Vector Group","hd":false}],"ip":0,"op":970,"st":0,"bm":0},{"ddd":0,"ind":5,"ty":4,"nm":"Layer 6 Outlines","sr":1,"ks":{"o":{"a":0,"k":100,"ix":11},"r":{"a":0,"k":0,"ix":10},"p":{"a":1,"k":[{"i":{"x":0.201,"y":1},"o":{"x":0.858,"y":0},"t":0,"s":[157.5,84.5,0],"to":[0,0,0],"ti":[0,0,0]},{"i":{"x":0.035,"y":1},"o":{"x":0.412,"y":0},"t":35,"s":[163.5,84.5,0],"to":[0,0,0],"ti":[0,0,0]},{"t":70,"s":[157.5,84.5,0],"h":1}],"ix":2,"l":2},"a":{"a":0,"k":[84.75,84.75,0],"ix":1,"l":2},"s":{"a":1,"k":[{"i":{"x":[0.201,0.201,0.59],"y":[1,1,1]},"o":{"x":[0.858,0.858,0.41],"y":[0,0,0]},"t":0,"s":[100,100,100]},{"i":{"x":[0.035,0.035,0.578],"y":[1,1,1]},"o":{"x":[0.412,0.412,0.374],"y":[0,0,0]},"t":35,"s":[20,20,100]},{"t":70,"s":[100,100,100],"h":1}],"ix":6,"l":2}},"ao":0,"shapes":[{"ty":"gr","it":[{"ind":0,"ty":"sh","ix":1,"ks":{"a":0,"k":{"i":[[-46.668,0],[0,-46.668],[46.668,0],[0,46.668]],"o":[[46.668,0],[0,46.668],[-46.668,0],[0,-46.668]],"v":[[0,-84.5],[84.5,0],[0,84.5],[-84.5,0]],"c":true},"ix":2},"nm":"Path 1","mn":"ADBE Vector Shape - Group","hd":false},{"ty":"fl","c":{"a":0,"k":[0.972999961703,0.819999964097,0.383999992819,1],"ix":4},"o":{"a":0,"k":100,"ix":5},"r":1,"bm":0,"nm":"Fill 1","mn":"ADBE Vector Graphic - Fill","hd":false},{"ty":"tr","p":{"a":0,"k":[84.75,84.75],"ix":2},"a":{"a":0,"k":[0,0],"ix":1},"s":{"a":0,"k":[100,100],"ix":3},"r":{"a":0,"k":0,"ix":6},"o":{"a":0,"k":100,"ix":7},"sk":{"a":0,"k":0,"ix":4},"sa":{"a":0,"k":0,"ix":5},"nm":"Transform"}],"nm":"Group 1","np":2,"cix":2,"bm":0,"ix":1,"mn":"ADBE Vector Group","hd":false}],"ip":0,"op":970,"st":0,"bm":0},{"ddd":0,"ind":6,"ty":4,"nm":"Layer 7 Outlines","sr":1,"ks":{"o":{"a":0,"k":100,"ix":11},"r":{"a":0,"k":0,"ix":10},"p":{"a":1,"k":[{"i":{"x":0.201,"y":1},"o":{"x":0.858,"y":0},"t":0,"s":[46.5,85.5,0],"to":[0,0,0],"ti":[0,0,0]},{"i":{"x":0.035,"y":1},"o":{"x":0.412,"y":0},"t":35,"s":[97.5,85.5,0],"to":[0,0,0],"ti":[0,0,0]},{"t":70,"s":[46.5,85.5,0],"h":1}],"ix":2,"l":2},"a":{"a":0,"k":[20.75,20.75,0],"ix":1,"l":2},"s":{"a":1,"k":[{"i":{"x":[0.201,0.201,0.59],"y":[1,1,1]},"o":{"x":[0.858,0.858,0.41],"y":[0,0,0]},"t":0,"s":[100,100,100]},{"i":{"x":[0.035,0.035,0.578],"y":[1,1,1]},"o":{"x":[0.412,0.412,0.374],"y":[0,0,0]},"t":35,"s":[197,197,100]},{"t":70,"s":[100,100,100],"h":1}],"ix":6,"l":2}},"ao":0,"shapes":[{"ty":"gr","it":[{"ind":0,"ty":"sh","ix":1,"ks":{"a":0,"k":{"i":[[0,0],[0,-0.224],[0,0],[-0.224,0],[0,0],[0,11.322],[11.322,0]],"o":[[-0.224,0],[0,0],[0,0.224],[0,0],[11.322,0],[0,-11.322],[0,0]],"v":[[-20.094,-20.5],[-20.5,-20.094],[-20.5,20.094],[-20.094,20.5],[0,20.5],[20.5,0],[0,-20.5]],"c":true},"ix":2},"nm":"Path 1","mn":"ADBE Vector Shape - Group","hd":false},{"ty":"fl","c":{"a":0,"k":[1,0.522000002394,0.522000002394,1],"ix":4},"o":{"a":0,"k":100,"ix":5},"r":1,"bm":0,"nm":"Fill 1","mn":"ADBE Vector Graphic - Fill","hd":false},{"ty":"tr","p":{"a":0,"k":[20.75,20.75],"ix":2},"a":{"a":0,"k":[0,0],"ix":1},"s":{"a":0,"k":[100,100],"ix":3},"r":{"a":0,"k":0,"ix":6},"o":{"a":0,"k":100,"ix":7},"sk":{"a":0,"k":0,"ix":4},"sa":{"a":0,"k":0,"ix":5},"nm":"Transform"}],"nm":"Group 1","np":2,"cix":2,"bm":0,"ix":1,"mn":"ADBE Vector Group","hd":false}],"ip":0,"op":970,"st":0,"bm":0}],"markers":[]}